ID,Username,Display Name,Date Joined,Account Type
598152035971366912,willierove,𝗪𝗶𝗹𝗹𝗶𝗮𝗺 𝗥𝗼𝘃𝗲𝗿,2026-04-28T18:56:41.717000+00:00,HUMAN
900871657894334537,kerbalrufus,lemonboy,2025-11-27T02:31:29.130000+00:00,HUMAN
574911673920389120,kizirozero,Kiziro,2025-12-05T01:18:01.733000+00:00,HUMAN
1136770691371368468,rexo.com,+jozzy+,2026-03-16T19:59:40.771000+00:00,HUMAN
1178464761189511209,sadlyissad,!zuko,2026-06-09T16:52:10.273000+00:00,HUMAN
1325719996378251339,powerlinebiter,Rat,2026-07-10T03:30:36.187000+00:00,HUMAN
1245055103367647375,myman0380,Puliculingura,2026-04-25T13:02:03.894000+00:00,HUMAN
1239264685916688459,thomas140282,thomas14,2026-06-24T16:38:33.846000+00:00,HUMAN
1256456600189665331,skybladerz_,AJ,2026-06-20T16:33:34.758000+00:00,HUMAN
859612680313634816,kingstuart8111,kingstu,2026-04-27T06:09:03.676000+00:00,HUMAN
1406517106048237578,avigrnt1,Grant,2026-06-28T23:18:51.648000+00:00,HUMAN
1494520712558280765,nightstalker_actual,N1GHT$T@LK€R,2026-05-04T03:03:10.622000+00:00,HUMAN
1312417703088230543,adrian_26.27,edi,2026-06-17T13:40:57.678000+00:00,HUMAN
1532439205106680032,jake_the_photographer,Not bmw e60 100% trust,2026-08-06T18:44:10.474000+00:00,HUMAN
1102953889818476587,reddedguy,reddedguy,2026-06-03T15:48:07.049000+00:00,HUMAN
1432605689062359093,paul010217,Paul,2026-08-06T04:02:29.906000+00:00,HUMAN
1285392648227524680,talagang_pogiako,Handsomegamerboy,2026-04-10T03:56:13.828000+00:00,HUMAN
1354144759668539463,tommi3298.,TOMMI,2026-07-27T20:38:25.169000+00:00,HUMAN
1505129949043097690,henry_derzudeutsche,💙 𝓤𝓵𝓽𝓲𝓶𝓪𝓽𝓮𝓗𝓮𝓷𝓻𝔂 💙,2026-08-06T13:09:09.463000+00:00,HUMAN
1114497795710263346,jax0077709,WeGotTheJK,2026-07-09T12:14:39.830000+00:00,HUMAN
1162063086660882572,hamza04899,Hamza,2026-08-10T18:31:55.517000+00:00,HUMAN
841234514528829460,xnn_nnx,y,2026-07-17T18:07:42.780000+00:00,HUMAN
1326209164539592718,jan079153,✞𝖏𝖆𝖓✞,2026-08-04T15:54:35.485000+00:00,HUMAN
855412373442789396,_mrdrew,Mr. Drew,2026-04-11T13:06:37.278000+00:00,HUMAN
1278686523172061292,eiger02,Eiger,2026-03-09T15:39:03.512000+00:00,HUMAN
1309304785144516618,tonystark_fan.,⎊ Tony Stank  ⎊,2026-06-29T20:58:42.163000+00:00,HUMAN
1057986461368078386,ilson.1246,ilson.1246,2026-07-23T04:55:13.670000+00:00,HUMAN
956284696109674506,raysmoodz,RayzMoods,2026-03-14T02:55:02.728000+00:00,HUMAN
1444704171684270272,maxonkbm,𝓜𝓪𝔁𝓫𝓮𝓶𝓲𝓼𝓼𝓲𝓷,2026-03-08T20:10:38.574000+00:00,HUMAN
758160309172305940,grayfish109,UNILAB90,2026-03-04T03:47:10.774000+00:00,HUMAN
1418288230859669564,natlync,Natlync,2026-04-12T18:03:32.880000+00:00,HUMAN
1322604888668110901,padeleon1,padeleon🦭,2026-08-02T21:09:11.465000+00:00,HUMAN
1117651294736359446,phase.aex,phase.aep,2026-08-12T17:42:17.759000+00:00,HUMAN
1180863012874223768,rohirm_25,Rohirm_Tsar,2026-04-29T15:26:40.332000+00:00,HUMAN
1489539200607977572,spiderballz0741,spiderballz,2026-04-03T09:13:45.495000+00:00,HUMAN
1409175992811126834,frcove,frCove,2026-05-10T15:36:27.498000+00:00,HUMAN
1091312147138621470,cvekhel,vek,2026-07-27T07:36:16.745000+00:00,HUMAN
550685492245561365,mikeycz,Mikey,2026-08-01T11:44:41.944000+00:00,HUMAN
1259791454319022101,mrduckofficial._,Mr. Duck,2026-07-17T09:49:25.073000+00:00,HUMAN
1101170724049260545,.captainwwf,swine_50,2026-08-12T14:12:14.020000+00:00,HUMAN
1489121295152185457,mgeghosty123475,MGEGHOSTY,2026-04-04T13:59:53.129000+00:00,HUMAN
1265312489672020038,cikj1,Lazarus,2026-07-15T19:57:11.937000+00:00,HUMAN
1300537814701576233,paul030321,WTcommander,2026-07-06T23:21:44.206000+00:00,HUMAN
812353215655706674,jus_bkz,Khaz,2026-04-03T19:36:26.429000+00:00,HUMAN
783185103588556800,ghostriley35,Ghostriley35,2026-07-17T04:58:17.354000+00:00,HUMAN
1344360847421476965,joki3500,DaHeiß,2026-07-15T17:40:01.624000+00:00,HUMAN
1407410465059111106,princeskye,skye :D,2026-07-15T18:50:17.359000+00:00,HUMAN
791072377928548353,zvtl111111,zvt_l,2026-07-03T07:31:12.380000+00:00,HUMAN
991593568118517781,rip_noob_07,TrooplyNCastelli,2026-08-09T01:26:21.675000+00:00,HUMAN
1481740825674252483,topical_solution,Petong,2026-04-25T15:15:12.062000+00:00,HUMAN
1135275663566307370,tri_peakk,Tri,2026-07-15T01:18:24.020000+00:00,HUMAN
719015031735582813,davemaster4533,Davemaster,2026-03-01T17:13:47.313000+00:00,HUMAN
924932834714599424,cflexjwc,cflex,2026-07-29T13:39:36.482000+00:00,HUMAN
886936440326471731,space_jesusss,Space jesus,2026-08-08T08:19:23.270000+00:00,HUMAN
1063824920221589575,jitokay,ilKITESy,2026-03-24T20:22:51.169000+00:00,HUMAN
909383857621573673,blue2806,Blue2806,2026-04-29T12:16:24.121000+00:00,HUMAN
1410316332481773719,huskyy0721,🚬𝓗𝓾𝓼𝓴𝔃𝔃,2026-03-25T12:40:53.620000+00:00,HUMAN
763263802535182366,inifintee,Bunifintee,2026-01-10T06:02:53.794000+00:00,HUMAN
943844176804581416,auschasin2,Jacket,2026-07-31T14:24:06.898000+00:00,HUMAN
988734917238214656,kostprint,Kost,2026-04-06T07:55:40.368000+00:00,HUMAN
1406144224620974182,arviiradiak,BAHLIL,2026-07-10T06:25:14.690000+00:00,HUMAN
1196171462286000308,mordapl,Chesty,2026-07-19T16:11:19.502000+00:00,HUMAN
1032886810570928169,x7_fl0wzy.,X7_fl0wZy,2026-07-16T16:12:00.567000+00:00,HUMAN
1507911908907552838,xxcsudo,Corisnisky V,2026-05-24T02:37:24.058000+00:00,HUMAN
1493267636409208922,kingharry10.,crossharry821,2026-06-02T21:00:52.960000+00:00,HUMAN
792842038332358656,Discohook Utils,null,2026-04-10T17:35:47.589000+00:00,BOT
795708432165896212,rach9123,Doyler,2026-07-25T14:40:50.999000+00:00,HUMAN
155149108183695360,Dyno,null,2025-11-15T11:18:53.844000+00:00,BOT
1371625911840936058,cbreezy.one,whatdouthink,2026-07-17T00:37:31.038000+00:00,HUMAN
1149825100766527619,t28_super_heavy_tonk,Черный Альфа,2026-08-04T09:40:44.758000+00:00,HUMAN
803539378546147339,icommittedniemann,IcommittedNiemann,2026-02-04T20:55:59.646000+00:00,HUMAN
760826288549920808,jay_leg_a_less,Jay,2026-08-01T11:49:26.400000+00:00,HUMAN
1507388184479273010,jelledewitte,jellebelle123,2026-05-31T12:44:06.782000+00:00,HUMAN
1208703055210618912,jetplacekv2,Jetplacek,2026-07-31T18:16:24.241000+00:00,HUMAN
1399400031399837726,kai369909,Kai,2026-08-10T15:05:31.946000+00:00,HUMAN
980478925757108282,randomperson__101,Sp3ctrZ,2026-07-13T10:55:43.505000+00:00,HUMAN
1367766259743326238,leimood,Leimood,2026-06-25T11:35:35.195000+00:00,HUMAN
1010097526583595048,lielais_0,lielais,2026-06-27T10:06:25.219000+00:00,HUMAN
738444725882847274,dfw_highboi,!𝕳іgһ𝕭᥆і,2026-08-12T11:31:13.342000+00:00,HUMAN
1440380968757362759,arandomdudeonlin,Matt,2026-08-05T20:48:39.275000+00:00,HUMAN
770789350165577750,milorein,milorein,2026-06-08T23:47:24.686000+00:00,HUMAN
235088799074484224,Rythm,null,2026-01-31T16:30:59.508000+00:00,BOT
756856376201969716,Partycord™,null,2026-08-08T23:43:42.784000+00:00,BOT
1345140471147659427,plqboy.,Plq,2026-07-20T21:24:27.214000+00:00,HUMAN
484395597508509697,Points,null,2025-11-16T11:57:53.312000+00:00,BOT
1501313315849371760,lato2504,Lato2504,2026-05-05T21:26:03.846000+00:00,HUMAN
1029800238464127057,quinn_j077,Quinn_j077,2026-08-08T14:59:17.007000+00:00,HUMAN
1426985349833429002,r4res270814_,R4RES,2026-06-14T06:04:38.480000+00:00,HUMAN
1475061053959176222,mustylaptop,steel drill head,2026-03-15T20:30:26.474000+00:00,HUMAN
1108142555897544855,_darkthrone_,݁ᛪ༙ 𝐌𝐢𝐝𝐝𝐥𝐞𝐦𝐚𝐧  ᛪ༙,2026-07-28T18:12:22.324000+00:00,HUMAN
1139577281992470548,vw_the_fang_of_drago,REGULUS⚪🐋,2026-08-04T13:13:48.450000+00:00,HUMAN
298796807323123712,RoVer,null,2025-11-15T10:59:51.144000+00:00,BOT
678344927997853742,Sapphire,null,2026-05-31T04:12:27.615000+00:00,BOT
1472524754316558416,serial5678,햅피,2026-06-13T09:37:38.194000+00:00,HUMAN
1492531504323104888,736287628736,Felix Salzberg,2026-07-17T09:22:21.214000+00:00,HUMAN
557628352828014614,Ticket Tool,null,2025-11-16T10:43:06.839000+00:00,BOT
513423712582762502,TTS Bot,null,2026-01-18T23:35:39.186000+00:00,BOT
1525816191518507178,void_ssrsniper,Void_ssrsniper,2026-08-02T09:21:14.675000+00:00,HUMAN
1334922548898562088,gabri07307,🌌 𝓖𝓪𝓫𝓻𝓲𝔃𝔃,2026-07-22T13:20:36.169000+00:00,HUMAN
1455899560730820609,zayden03306,Zayden,2026-06-28T23:04:10.905000+00:00,HUMAN
1314030552264871967,mikeeee0487,𝕄𝕀𝕂𝔼𝔼𝔼𝔼,2026-05-24T20:29:09.957000+00:00,HUMAN
1336990267303268455,xx.de_press_so.xx,XxDe-Press-SoxX,2026-07-13T14:46:06.960000+00:00,HUMAN
675848108659179563,mcultra007,Mac,2026-04-08T22:16:58.497000+00:00,HUMAN
1402705817790320814,little_red_44261,Little_Red,2025-12-15T20:27:22.919000+00:00,HUMAN
1038604192580911184,aaronninjhg,Mexicanrdr2,2026-04-25T22:45:51.363000+00:00,HUMAN
791728887351738428,123eytan1723,sopagg,2026-07-15T21:11:49.049000+00:00,HUMAN
1493671617463582811,67pro_69952,67pro,2026-06-07T12:16:25.840000+00:00,HUMAN
1492430749406593096,irdo0348,null,2026-07-21T06:02:23.359000+00:00,HUMAN
1264720279498920039,caominhdo,???,2026-08-06T09:06:46.836000+00:00,HUMAN
501937647225143306,ra1n2870,Ra1n,2025-12-25T20:54:02.697000+00:00,HUMAN
921713071221788703,enzoooo8638,ItzEnzo,2026-03-23T13:26:28.697000+00:00,HUMAN
1407052898004635750,aaron_21x,Aaron_21X,2026-05-02T21:07:30.970000+00:00,HUMAN
1252412834449592424,midnyxciel,༺𝓜𝓲𝓭𝓝𝔂𝔁༻,2025-11-30T03:37:24.050000+00:00,HUMAN
959122363616723025,syn__gh0st,Syngh0st,2026-06-27T16:02:23.915000+00:00,HUMAN
1350401283873439796,ytxbdulmc,NPC 山田,2026-07-16T13:54:53.767000+00:00,HUMAN
1171836585604563027,bwcastaway,Thinker,2026-04-12T18:39:26.123000+00:00,HUMAN
1275429540084322378,coffin_danceboys,SLASHER,2026-06-01T02:27:31.225000+00:00,HUMAN
1466398198607122589,piffle0052,Piffle,2026-06-30T14:33:45.514000+00:00,HUMAN
915839425605410846,manyonga,manyonga#3480,2026-04-04T08:19:21.854000+00:00,HUMAN
1485002851100131541,croftygoat,crofty,2026-03-21T19:53:49.915000+00:00,HUMAN
1183112670560403628,radic0900,Radic,2026-06-06T08:54:01.423000+00:00,HUMAN
964610259538817054,lpmboy1,LPMBoy1,2025-12-15T20:29:45.712000+00:00,HUMAN
1483846402411991234,mm_2112,Mirkopa,2026-03-31T09:28:47.112000+00:00,HUMAN
633888041219522561,_.zizzo._,_.zizzo._,2026-02-27T10:53:54.498000+00:00,HUMAN
1506645988813701244,man_8374,O_guy (alt blocked 2 years...),2026-07-29T10:35:21.053000+00:00,HUMAN
1505663058570117252,avynew,𝙖𝙫𝙮,2026-05-17T22:15:40.247000+00:00,HUMAN
985548383517290546,sircookie392,SirCookie392,2025-12-24T16:37:14.332000+00:00,HUMAN
594662965249048577,ceadn,ceadn,2026-04-11T12:24:56.200000+00:00,HUMAN
1510390031859323031,aooneyyy,Aooney,2026-06-14T22:22:53.177000+00:00,HUMAN
1518162312396013648,aaa_67999,Aaa,2026-06-26T10:17:17.219000+00:00,HUMAN
1325076176313778178,_boke_35_54757,Boke,2026-07-18T23:06:36.487000+00:00,HUMAN
1423335126170861720,abel089711,Abel_Geamer,2026-06-24T09:53:44.379000+00:00,HUMAN
1385404682540679229,apex093283,Apex,2026-06-30T07:45:17.340000+00:00,HUMAN
1411681157568921731,iman112201,ADAM,2026-08-07T09:59:58.927000+00:00,HUMAN
1491014952440430843,onidaci,onidaci,2026-06-19T03:57:38.525000+00:00,HUMAN
1473474749920186418,falloutamari6767_55147,Amari is him 4567,2026-07-27T05:37:48.692000+00:00,HUMAN
806506083917103134,hxmax.,CAT CLUB,2026-08-05T19:00:55.797000+00:00,HUMAN
871923161611010148,dubfifty7105,Asher🥱✌️,2026-08-05T20:37:05.540000+00:00,HUMAN
918191116283678760,.horizon._.,Horizon,2026-07-16T11:20:54.381000+00:00,HUMAN
1499121490237456494,autistic.crackhead,null,2026-08-11T01:48:48.629000+00:00,HUMAN
1294303520509399106,eirikergrish,Sparzyx,2026-07-05T15:34:17.781000+00:00,HUMAN
1446881398949548042,a008471,A⚽🇦🇱🇦🇱🇦🇱,2026-08-01T22:05:21.996000+00:00,HUMAN
1393127017171648545,syaqil._,Syaqil.,2026-08-01T16:52:22.066000+00:00,HUMAN
1459503819850514445,feuerwehrlennestad,Banane,2026-07-26T21:42:00.900000+00:00,HUMAN
1298247723245371423,bomb20003,Pluh,2026-06-24T19:28:54.304000+00:00,HUMAN
1393161844121669662,bxnfs0526,Ben✌,2026-07-28T15:21:11.875000+00:00,HUMAN
1396019338288300053,wolfie.1st,Benny,2026-06-30T17:50:55.385000+00:00,HUMAN
1480640774071783658,beqa_xx_00041,beqa_Xx,2026-08-08T08:44:55.673000+00:00,HUMAN
1493576628251529358,itzurboy_dr3ww,Dr3ww,2026-07-23T04:12:04.668000+00:00,HUMAN
1082360015689633802,bigminecraftfan_61925,Bigminecraftfan,2026-06-22T17:57:12.643000+00:00,HUMAN
1523103936582779033,bludtusk4645,Bludtusk,2026-07-08T09:18:59.275000+00:00,HUMAN
1399267907472461865,butters0404,Blue,2026-07-16T10:43:29.228000+00:00,HUMAN
1007066550307672187,mexico0425,Brian G,2026-07-08T15:24:25.815000+00:00,HUMAN
1273417809208021073,im_the_unknow,Im_the_unknow,2026-08-06T15:37:51.278000+00:00,HUMAN
1528506834032525475,brmisthebest_10178,Brm is the best,2026-07-19T21:25:57.858000+00:00,HUMAN
1520502841385550037,alex535897,Cameron Brown,2026-07-02T01:52:59.713000+00:00,HUMAN
1239712544009093121,gman_333666,Moist,2026-08-03T05:46:11.733000+00:00,HUMAN
759393659358806056,cardboard3495,null,2026-02-05T18:03:40.670000+00:00,HUMAN
1289770533793173555,zacharias_the_great,zacharias_the_great,2026-07-16T03:58:25.728000+00:00,HUMAN
1228345840712679494,faded08956,best,2026-03-21T11:45:29.089000+00:00,HUMAN
1133067183698759842,colonelatlantic,Kernel,2026-03-25T16:13:56.460000+00:00,HUMAN
1478785540328526005,nathan027757,Nathan,2026-03-12T17:04:48.523000+00:00,HUMAN
902595831390175303,peppri,peppri,2026-08-01T21:33:56.592000+00:00,HUMAN
893292658049581057,suapq,suapq,2026-06-20T00:38:44.488000+00:00,HUMAN
1211334950662570097,chicken1940,Chicken,2026-07-14T13:45:46.737000+00:00,HUMAN
1298713042330062879,kingdom_of_heav3n,D,2026-08-09T13:45:12.485000+00:00,HUMAN
865855242100539392,tagir7567,Kypat,2026-06-02T17:38:22.406000+00:00,HUMAN
791714308052484136,lemontreememe,lemontreememe,2026-02-09T10:48:29.424000+00:00,HUMAN
1386061826160201729,kabanchik88338,David89,2026-08-09T21:12:41.718000+00:00,HUMAN
1462803064682582046,fred072334,Fred,2026-07-09T10:33:48.871000+00:00,HUMAN
670540186815299594,dinonorris,Dinonorris,2026-08-02T13:15:54.734000+00:00,HUMAN
1146922435795501106,arvore2957,Sr. arvore2957,2026-06-24T00:31:56.535000+00:00,HUMAN
903328856453308497,dora5672,dora2004,2026-07-28T15:45:34.034000+00:00,HUMAN
1452420060034371820,_.tylers.new,@     𝘁𝘆𝗹𝗲𝗿,2026-06-04T08:16:05.281000+00:00,HUMAN
1134845136908591174,derxaveryt_55347,kiri,2026-06-30T15:24:11.964000+00:00,HUMAN
1380491949823365170,fluffyalbo,Fluffyalbo0,2026-08-08T19:39:30.510000+00:00,HUMAN
638048361240592404,mratlanticboii,atlantic,2026-06-04T15:57:27.954000+00:00,HUMAN
1490275237240111315,ve.fritzee_56217,Fritz<3,2026-08-10T01:40:27.173000+00:00,HUMAN
1377731566834548747,frozen_realms,♡♤𝑌𝑒𝑎𝑔𝑒𝑟♤♡,2026-02-04T20:09:08.077000+00:00,HUMAN
654400653728415745,g_rbz,g_rbz,2026-04-10T00:23:42.125000+00:00,HUMAN
1288092034015432789,gador0255,Gador,2026-08-12T04:44:20.798000+00:00,HUMAN
1096781731232759828,gameknight54421,Gameknight54421,2026-04-26T20:34:43.244000+00:00,HUMAN
1330652978570465280,lordofmonks,Lord of monks,2026-07-18T00:43:03.893000+00:00,HUMAN
1128685172498386994,silent4dude,SyntaxError,2026-07-28T12:44:15.192000+00:00,HUMAN
1205934400123183175,hovnival.blesk77,𝖘𝖊𝖋𝖙𝖞,2026-06-30T13:31:54.951000+00:00,HUMAN
1510276780022435890,hazeemmuslimml,Hazeem muslim (ML),2026-07-04T05:12:28.183000+00:00,HUMAN
1183328207173332995,herobrian4579,Herobrian4579,2026-08-11T06:05:51.031000+00:00,HUMAN
853265675811946507,choupapi6020,Horseprototi,2026-08-12T16:27:12.962000+00:00,HUMAN
1335577542404603965,da2k2012,da2k2012,2025-11-14T16:17:17.056000+00:00,HUMAN
1252425004423975117,soslick.,SOSlickSNIPE,2025-12-20T01:09:26.626000+00:00,HUMAN
956263628313591809,iun_teh,ounin,2026-02-07T14:58:57.054000+00:00,HUMAN
1476402969736908901,huckbenson_99699,Huckbenson,2026-07-12T22:30:41.932000+00:00,HUMAN
1345317142106607678,rameh0259_16567,Hunter,2026-07-20T20:19:18.269000+00:00,HUMAN
1495936790257729656,hvs042328,hvs042328,2026-07-12T23:42:47.618000+00:00,HUMAN
1190730785393745971,spaceman_cheezits,Spacemancheezits,2025-12-19T21:45:05.267000+00:00,HUMAN
1170728693048549538,jace079359,Bob,2026-07-16T17:56:06.075000+00:00,HUMAN
1527734393345544292,ilikedildos12_98810,ilikedildo12,2026-07-20T20:23:30.085000+00:00,HUMAN
1278453120619384857,jovan09255,Ilikekfc3334,2026-05-28T09:51:51.449000+00:00,HUMAN
1214284702723219487,imarnnn,null,2026-05-29T14:37:36.459000+00:00,HUMAN
280552158297063435,imiko.hiei,imikohiei,2026-07-21T10:31:00.735000+00:00,HUMAN
1474048900112580682,itsdomz.,Its-Domz,2026-07-21T13:23:38.415000+00:00,HUMAN
1353167941318737951,itz.erick0,Itz.erick,2026-07-12T20:56:48.520000+00:00,HUMAN
1514368660930564136,j4y0664_14644,J4y,2026-06-12T14:51:18.224000+00:00,HUMAN
1527697021639721051,jake020184,Jake,2026-07-17T16:28:24.897000+00:00,HUMAN
1150450477822124082,appelkaas1234567,Appelkaas1234567,2026-03-08T23:14:12.956000+00:00,HUMAN
599584584933441566,supersloth36,Dale Smith,2026-07-15T20:35:27.503000+00:00,HUMAN
1335110410319171666,baka_cake2_73378,ケーキ,2026-06-07T13:08:07.550000+00:00,HUMAN
1025297742232305685,coolcorgi828514,CoolCorgi828514,2026-06-28T08:47:35.042000+00:00,HUMAN
1355944351532056838,kasemm10_51509,Tech,2026-07-16T18:14:07.280000+00:00,HUMAN
1192226268125614184,skibididondaniele,𝔇𝔬𝔫 𝔇𝔞𝔫𝔦𝔢𝔩𝔢,2026-02-24T19:39:44.158000+00:00,HUMAN
1226056025040228452,kb2_sealionn,Κέινο (Kb2),2026-03-19T16:10:10.684000+00:00,HUMAN
1183316778319880314,bumo_is_cool,⃟,2026-05-26T07:58:57.415000+00:00,HUMAN
1497644962169229553,hello_734.,𝒪_𝒢𝒰𝒴 [𝒪𝓇ℊ𝒾𝓃𝒶𝓁],2026-05-18T19:30:18.483000+00:00,HUMAN
1010225034805116928,flaco19.,Brian Checo | mx,2026-04-19T00:20:32.106000+00:00,HUMAN
1372483110104727552,eight_seven87,Toodles,2026-01-08T07:17:53.683000+00:00,HUMAN
1204075573002108939,pandavr.727,PĀNDÂ❌,2026-08-08T11:41:16.146000+00:00,HUMAN
1502685123345125548,parker081628.,👾̠N̠̠o̠̠v̠a̠a̠a̠✌️,2026-06-19T18:45:52.084000+00:00,HUMAN
1362420368089944125,enzow0676,EnzoW,2026-03-12T15:41:09.404000+00:00,HUMAN
680783649724956735,klurt123,Kurt,2026-02-06T23:47:44.664000+00:00,HUMAN
909747413563088956,emcraft45683,Cheese,2026-01-26T08:17:22.903000+00:00,HUMAN
1378041151529156608,batmangiveup,Batman Give Up,2025-12-28T02:02:04.939000+00:00,HUMAN
1070158995232391218,_zigzag_1515,𝓚𝓪𝓲𝓭𝓮𝓷𝓯𝓻𝓶𝓭𝓪𝔀𝓮𝓼𝓽,2026-03-03T04:33:42.170000+00:00,HUMAN
1299720944398368799,jr07254,Jr5747!,2026-06-11T23:59:56.514000+00:00,HUMAN
775275139087859723,_hiromi17,Hiro,2026-07-20T13:53:36.564000+00:00,HUMAN
1206617461546291232,tenzin_wangdak,Tots_Imp,2026-04-25T15:27:23.229000+00:00,HUMAN
829919138831007754,yellowmanfr,Ruralization,2026-03-24T04:34:23.551000+00:00,HUMAN
857962367714590730,julian_1309,Julek57,2026-07-17T10:36:14.949000+00:00,HUMAN
1529521281714884638,echo50613,Echo-5,2026-08-01T05:56:55.155000+00:00,HUMAN
748008729772818503,boysibakk,karkaroy,2026-07-16T12:26:50.965000+00:00,HUMAN
1502262350693269655,keeneivan,K,2026-07-10T12:51:30.149000+00:00,HUMAN
1500342498948546590,kirkbob.,Kirkbob[⚡⚡🪓],2026-08-01T14:09:07.615000+00:00,HUMAN
1137172432185208833,koospeleo12,Koospeleo12/OhBabyILoveMoney,2026-07-29T19:51:41.711000+00:00,HUMAN
1526213673335525447,kqrma_74118,Kqrma,2026-07-13T13:13:10.845000+00:00,HUMAN
1526215752229716009,kqrma_16047,Kqrma,2026-07-13T13:18:02.433000+00:00,HUMAN
1376328688798273686,kronoarch10,kronoarch10 ( 2 Vouch),2026-06-15T11:05:08.431000+00:00,HUMAN
1314599012464070677,dantespartacus,𝔇𝔞𝔯𝔦𝔲𝔰𝔇𝔞𝔫𝔱𝔢𝔖𝔭𝔞𝔯𝔡,2026-07-24T14:42:14.495000+00:00,HUMAN
1456823021930025185,kyle20252606,Kyle,2026-06-26T06:23:33.676000+00:00,HUMAN
789442405228478464,peppy_the_blyatopus,Peppy the platypus,2026-02-06T16:42:29.015000+00:00,HUMAN
1442096869776953497,jack987778,Jàçk🇬🇧,2026-07-19T22:27:48.423000+00:00,HUMAN
1380613703904395264,ninjablast21_46961,Ninjablast21,2026-02-19T21:51:24.869000+00:00,HUMAN
1241063871721242776,mistermo70_73065,mopro9000,2026-03-25T21:27:20.200000+00:00,HUMAN
394526113130610711,yeet.0,!len,2025-12-05T00:35:11.533000+00:00,HUMAN
1025025189999824916,insomnia.vfx,LittleBlue,2026-04-05T11:24:24.536000+00:00,HUMAN
1409468020295860375,summerguy_3056,Louis,2026-07-17T07:54:42.861000+00:00,HUMAN
1278001082655576100,hewad82721,هیواد,2026-03-29T20:57:46.469000+00:00,HUMAN
1509536357171855470,luban_56725,luban,2026-06-27T15:12:35.336000+00:00,HUMAN
1457149443378909296,bobnot565_41508,Lucas,2026-06-02T21:56:25.044000+00:00,HUMAN
1119042454352568433,leo21_qc,Léo21_Qc,2026-08-10T05:40:23.513000+00:00,HUMAN
471433660852338690,tinycube,Tiny Cube,2026-01-11T19:34:28.220000+00:00,HUMAN
1398101687025270955,.mango.011,mango,2026-06-05T14:29:08.528000+00:00,HUMAN
1326223609076781138,martinkosv2,Gamrin,2025-12-21T16:49:18.806000+00:00,HUMAN
1188051946481926200,mattdi11_74727,The Reaper,2026-07-28T05:56:38.305000+00:00,HUMAN
1439955020459016293,meewastaken3__63835,Meewastaken3,2026-08-01T20:08:55.024000+00:00,HUMAN
852636342834954271,merculii_cryptic,mercurii_cryptic,2026-07-13T07:51:53.153000+00:00,HUMAN
757369353200074822,different9502,？ |  คгภ๏ɭ๔,2026-07-03T14:40:07.379000+00:00,HUMAN
1099809402422304941,eglikerpenger,Mia.paulsen,2026-05-23T09:27:21.810000+00:00,HUMAN
1472978896621408398,michalpalencar_82960,Michal palenčar,2026-07-20T21:13:48.791000+00:00,HUMAN
1518603124540047407,yj0663,Michle,2026-08-09T13:31:28.781000+00:00,HUMAN
1524065079031758908,miroreal,MIRO,2026-07-08T13:51:26.755000+00:00,HUMAN
1485991148752470107,pringles23298,Mr yes,2026-06-26T04:56:49.419000+00:00,HUMAN
1216290856638873607,traderguy_10389,eggmilk,2026-07-19T08:49:16.825000+00:00,HUMAN
1505466065839456316,yourlocalmedic13,MrRidley,2026-08-09T06:39:52.307000+00:00,HUMAN
1147455366133714955,xiangxiang_74664,mrwatermelon,2026-06-19T03:59:52.998000+00:00,HUMAN
1310328739359490140,der_omega_talahon,Mshlbrd,2026-07-15T20:29:47.532000+00:00,HUMAN
1482638805193461821,noahxavier45,N1ght_253,2026-08-12T06:22:45.624000+00:00,HUMAN
1218495627936403507,cassieexx000,King_CASSIEE,2026-04-18T17:28:36.034000+00:00,HUMAN
1436404860869148863,nah_idproceed_42403,Nah_id-proceed,2026-07-01T00:51:30.561000+00:00,HUMAN
1134207866262274118,natelol250,nate,2026-07-16T20:18:42.727000+00:00,HUMAN
1519556159219044373,nate_76287,Nate,2026-06-25T04:14:08.415000+00:00,HUMAN
1535979927742976050,myllzy,NH90Tiger,2026-08-10T08:29:02.772000+00:00,HUMAN
1424894553592303776,name_name_32_67737,not him😀,2026-08-02T07:03:25.604000+00:00,HUMAN
1406018731057873027,notjames67_75828,Notjames67,2026-05-25T11:18:10.386000+00:00,HUMAN
976569630095212594,ife4rr,fe4r,2026-03-01T03:14:56.824000+00:00,HUMAN
744274448747593848,ice06538,ICE,2026-07-11T10:14:47.655000+00:00,HUMAN
1364394899109183719,paloma4000,Paloma,2026-05-25T22:37:04.384000+00:00,HUMAN
1409942057325432913,pattie2021.,Arschwasserkoster,2026-08-09T06:06:52.550000+00:00,HUMAN
1035791992438915072,linweilee,Lin,2026-08-11T13:04:50.248000+00:00,HUMAN
1406836361457303623,peterjames2808,peter james,2026-05-27T02:51:10.889000+00:00,HUMAN
1437055754678046752,dongolopeter,Dongolopeter,2026-05-31T08:49:11.675000+00:00,HUMAN
1501591137574588562,philipp_1013,philipp_1013,2026-07-18T07:50:03.734000+00:00,HUMAN
1525190162047438899,picapollord0386,picapolloRD,2026-07-13T00:04:47.456000+00:00,HUMAN
1192545060626124801,andu0876,Porumbache,2026-06-05T01:09:43.353000+00:00,HUMAN
1170435697627385896,prito0277,PRIT,2026-06-28T21:50:29.061000+00:00,HUMAN
1154308360145993748,__.sparky__.,SparkyAuthority,2026-06-21T00:25:46.599000+00:00,HUMAN
820372773939183616,graybo.,gray,2026-01-15T01:25:59.048000+00:00,HUMAN
866268696213323796,agueroo_2340,albert einstein,2026-08-03T15:06:11.724000+00:00,HUMAN
900909586456920134,_veiron_,Anti,2026-06-29T16:06:34.996000+00:00,HUMAN
1148330237629829180,leon_125,leon,2026-01-18T16:35:45.280000+00:00,HUMAN
1321747042208448578,ghost_55309,CONQUEST,2026-03-18T02:35:04.030000+00:00,HUMAN
845719503245410334,roo_00908,stevo,2025-12-21T16:40:42.195000+00:00,HUMAN
1420158967375597670,hmmm06320,Petar,2026-03-29T21:16:41.792000+00:00,HUMAN
934595135747031090,ilovethebiblebelt,m,2026-06-29T16:08:21.108000+00:00,HUMAN
1227266491653685313,rohirm_26,Lato2504,2026-03-28T22:36:42.635000+00:00,HUMAN
1296568894537859113,rencx123nothacked,Rencx123 not hacked,2026-07-18T13:12:05.117000+00:00,HUMAN
1486212639821660220,firaz_21432,firaz,2026-07-31T16:35:14.497000+00:00,HUMAN
1170932317137678478,rayyannn1_,rayyannn1_,2026-07-16T13:05:24.704000+00:00,HUMAN
744882198049587223,kryptik_,JoJoJoJo,2026-06-16T23:07:29.438000+00:00,HUMAN
1326522201737920564,pbcarts,xx,2026-06-17T13:52:01.107000+00:00,HUMAN
878301310586335262,hxrato,hxrato,2026-06-17T10:07:51.482000+00:00,HUMAN
1510583177696116900,agness_girlyy,Agness,2026-05-31T12:15:05.251000+00:00,HUMAN
1284579688064356487,adri11g_46122,adri11g,2026-07-10T12:37:26.079000+00:00,HUMAN
1125671722285273209,.all_random_crap.,The1wh0cant,2026-08-07T04:19:52.101000+00:00,HUMAN
1239417055703334943,diegorelkrack1,diegorelkrack1,2026-07-01T00:06:38.188000+00:00,HUMAN
1534005585769660542,robloxreal_wow,Crazyman,2026-08-06T12:13:43.631000+00:00,HUMAN
1414686110378102889,leooooooooooo06986,CRXZ,2026-08-07T10:28:38.651000+00:00,HUMAN
1088240469911293974,gmart247,gmart2474419,2026-08-07T03:23:11.946000+00:00,HUMAN
1492909973959610528,haven0278008,♡ FURRY HAVEN  ♡,2026-08-11T01:16:30.654000+00:00,HUMAN
1090133338511122552,osprey2.4_official,Jay_Burke,2026-08-11T02:10:40.113000+00:00,HUMAN
1385002352724938902,justgeorge0576,JustGeorge,2026-08-06T21:58:36.269000+00:00,HUMAN
1084399157705449472,juliaan.p,juliaan.P,2026-07-31T18:58:05.757000+00:00,HUMAN
1186413915559710822,robloxplayer_40389,Kqrma,2026-07-13T13:28:06.116000+00:00,HUMAN
789378623601770506,kittyvenusbleh,null,2026-03-16T14:30:41.328000+00:00,HUMAN
1392547946020733109,lillistygoat______roswap.com,lil listy goat______roswap.com,2026-06-17T00:18:18.064000+00:00,HUMAN
1536708853360627772,luigi05053,Luigi,2026-08-11T12:15:07.346000+00:00,HUMAN
986695006465175584,redlaw09,redlaw09,2026-07-01T17:20:32.807000+00:00,HUMAN
904327036217196554,ljuti_skamp,MR_škamp,2026-06-22T22:06:07.068000+00:00,HUMAN
1084923915941453875,mrsodur12,Mrsodur12,2026-08-07T11:43:52.288000+00:00,HUMAN
1481777895360696424,westheticxx,✪Wes✪,2026-07-13T08:02:04.678000+00:00,HUMAN
1396933236139098224,xd068848,xxxx,2026-07-30T15:15:49.697000+00:00,HUMAN
1458667554959786004,ssgkillswitch,♠️Ace♠️,2026-03-03T00:12:23.659000+00:00,HUMAN
1189818847277092885,totallynotaetherium,Aetherium,2025-12-29T19:57:54.199000+00:00,HUMAN
1471323733040959672,totallynotaetherium2,Aetherium,2026-07-26T05:51:25.559000+00:00,HUMAN
1070431461590708274,agentetord,_̷-̷'̷𝖆𝖌𝖊𝖓𝖙𝖊𝖙𝖔𝖗𝖉`̷-̷_̷,2026-06-19T01:07:10.617000+00:00,HUMAN
1061734091717877760,tyrantonb,tyrantonb,2026-05-18T16:13:16.423000+00:00,HUMAN
837813046339567688,._kochio.syz,kira,2026-05-17T14:50:39.979000+00:00,HUMAN
1324001848293724174,rpg70787,Manny pakyou,2026-04-25T13:31:59.099000+00:00,HUMAN
1480362775963242576,jonathandaquavious3,Asher,2026-07-17T19:53:01.569000+00:00,HUMAN
1488425715127947355,atlas_416,“Atlas”,2026-06-17T16:48:23.639000+00:00,HUMAN
1274489174401093632,lichterpanzerspaawagen,AustrianGuy)),2026-06-22T17:26:40.799000+00:00,HUMAN
874435613556867143,not.icxn,✞Icxn✞,2026-07-10T16:54:21.040000+00:00,HUMAN
903084141980053555,thegamer115205,CODGaemer,2026-03-21T07:02:20.358000+00:00,HUMAN
837850422215049227,f1ac000,F1ac00,2026-07-03T02:56:19.200000+00:00,HUMAN
1005575305769013339,acarknight,Billy,2026-01-20T00:22:40.983000+00:00,HUMAN
1433186211664761005,spencer01039,✨♧𝕾𝕻𝕰𝕹𝕮𝕰𝕽♤👑,2026-05-18T17:12:21.844000+00:00,HUMAN
1083146077122859008,rayandeez,Alexander the great,2026-07-02T01:56:42.237000+00:00,HUMAN
1429100066299318273,ytzirklli,Irakli,2026-04-20T20:09:25.790000+00:00,HUMAN
927223185441685524,brauk,brauk,2026-04-07T12:53:41.395000+00:00,HUMAN
767233896643297310,spedmonkey123,SpedMonkey123,2026-08-04T19:47:10.168000+00:00,HUMAN
717287271388413982,brentagen,Čávo,2026-05-10T20:25:46.853000+00:00,HUMAN
1469416046506152058,ineedsupport.,DeineEude,2026-05-07T18:57:06.109000+00:00,HUMAN
924911088615698442,smehuatina777,ТімошкаВ777ОР,2026-06-07T23:43:25.808000+00:00,HUMAN
1070082144677920859,charly_860,charly,2026-03-01T22:07:36.593000+00:00,HUMAN
709065440747454544,chezko,𝓬𝓱𝓮𝔃𝓴𝓲𝓽𝓸,2026-03-28T11:55:31.317000+00:00,HUMAN
857363093775712276,reconjake,null,2026-08-12T17:44:51.132000+00:00,HUMAN
1119985027481088021,zang_co,null,2026-03-15T18:06:45.645000+00:00,HUMAN
877255503921692733,its_tjww,2Tone🏴‍☠️,2026-07-23T11:09:24.538000+00:00,HUMAN
836978899341803571,hugoforza12,Just Anissa ☚⍢⃝☚,2026-04-12T16:17:06.442000+00:00,HUMAN
198738041278300161,damonsyl81,Damon,2026-04-23T00:26:14.068000+00:00,HUMAN
519941887235325972,deathfacee,Deathface,2026-03-20T15:32:15.687000+00:00,HUMAN
885856873700556820,boti_09,Fityma Kapitány,2026-03-17T13:47:10.087000+00:00,HUMAN
1148429220779937842,death611011,Death,2026-04-24T21:53:44.253000+00:00,HUMAN
908421811581108264,sitmanyt,itz_sitman,2026-03-29T17:26:30.474000+00:00,HUMAN
907724847541542962,bartek_8979,𑣲vex,2026-06-28T08:53:00.740000+00:00,HUMAN
1495317393386508429,._lisa_,♡._Lisa_.♡,2026-08-09T16:33:30.061000+00:00,HUMAN
1253390153163210782,jb220686,Jb,2026-07-03T00:22:06.763000+00:00,HUMAN
1400481910366408827,abdi02121,null,2026-08-12T13:34:32.427000+00:00,HUMAN
1374531000201117696,thatoneejdude,ej,2026-05-04T14:30:34.492000+00:00,HUMAN
856609430040739870,faseeh_,𝐅𝐚𝐬𝐞𝐞𝐡,2026-04-17T18:56:50.348000+00:00,HUMAN
1517140391256784980,vepticcx.,Itz_Faze,2026-06-27T12:51:49.080000+00:00,HUMAN
1416562074238320654,fernoobkimg.,Fernoobkimg🇺🇸🇲🇽,2026-03-31T01:27:04.766000+00:00,HUMAN
1158039465042919527,fiedzia.,Fiedzia,2026-07-17T18:23:35.248000+00:00,HUMAN
845343139690446849,firmin6800,Firmino,2026-08-05T18:42:37.970000+00:00,HUMAN
894208144446746675,.soupd,burg66.,2026-06-02T14:43:14.117000+00:00,HUMAN
1405859109340839938,nothingovergame_18302,Fluxfull,2026-08-12T21:07:49.861000+00:00,HUMAN
1306702641719410790,cai_fiflsshy,cai,2026-06-15T18:12:58.688000+00:00,HUMAN
991261492626341929,manish0_0,M.D.L,2026-04-05T22:00:33.020000+00:00,HUMAN
1030146222322892800,jarno_66,celepet kuda,2026-02-28T11:00:16.783000+00:00,HUMAN
1147025619247435846,mant0ni0,mant0ni0,2026-07-06T20:30:01.582000+00:00,HUMAN
1437471054577795262,o7kg,Vøǐd,2026-04-25T02:20:30.578000+00:00,HUMAN
689495604338229311,tigur_luv,null,2026-04-20T23:24:42.200000+00:00,HUMAN
1498379783174885477,vitsss0440,VITSSS,2026-04-28T06:09:38.805000+00:00,HUMAN
1095318624421560331,goofiwawa,goofi,2026-02-28T01:52:49.704000+00:00,HUMAN
1345772442886606959,aguy12343,A guy 12343,2026-06-26T21:11:35.524000+00:00,HUMAN
1278461423646670854,mr_random2231,𝑨𝒏𝒕𝒐𝒏𝒊𝒐𝑱𝑹. 𝑹 🥂,2026-06-26T03:26:20.614000+00:00,HUMAN
1523796556220858474,shoot_tokill23,shoot_tokill,2026-07-20T19:37:40.620000+00:00,HUMAN
1217105286557335552,themilitaryroleplayuser,mohigg,2026-05-19T19:15:49.842000+00:00,HUMAN
1404162425024151686,landon02747,Jacobtrashbag,2026-06-25T04:24:39.046000+00:00,HUMAN
913668811041955890,papaluigi.,papaluigi,2026-07-12T18:33:05.876000+00:00,HUMAN
931280795887358062,meatman1894,85_rippa,2026-08-03T17:51:48.518000+00:00,HUMAN
1201088521872613377,jokerosra,Jokerosra,2026-07-01T14:27:57.251000+00:00,HUMAN
1304862583823798372,masterchief3300,Gabriel Judge of hell,2026-06-27T13:44:29.977000+00:00,HUMAN
1056293061686214656,kaariius,Kari,2026-08-10T08:14:40.914000+00:00,HUMAN
991742171713646754,kodama_aa,kodama,2026-04-15T12:30:30.096000+00:00,HUMAN
946967452443607061,korea_skeleton,Skleleton,2026-08-08T09:09:44.804000+00:00,HUMAN
830952698886750208,manga_reader2139,Bowl,2026-07-20T17:47:12.288000+00:00,HUMAN
1210281677524570122,tommt_19099,Kusnij,2026-07-19T12:53:03.778000+00:00,HUMAN
1061083143806914740,mvp.kyon,ext.ky,2026-06-18T00:18:52.705000+00:00,HUMAN
1381369961741815893,voidreaper4_,VoidReaper,2026-08-07T10:24:00.772000+00:00,HUMAN
1436517030521208963,liltimmy789,Lil timmy,2026-07-01T10:58:31.911000+00:00,HUMAN
1382699227792019496,orderp41,orderP41,2026-06-09T08:49:10.053000+00:00,HUMAN
801130027243798588,lldrx.,L,2026-04-14T18:26:02.235000+00:00,HUMAN
1223343807303647368,aliqhmed,[ISG] ALI {NM},2026-03-15T03:09:34.882000+00:00,HUMAN
1176533975632728064,lukalix200,Lukalix200,2026-06-27T20:42:57.820000+00:00,HUMAN
1341661784330997822,manasseh_mz,null,2026-06-09T16:35:51.521000+00:00,HUMAN
1490406672273772755,itzrexlme55339,Itzrexlme,2026-07-20T12:24:11.253000+00:00,HUMAN
1057012914889961564,3dmaze.official,3DMaze,2026-02-21T23:03:09.568000+00:00,HUMAN
1137120644622983198,mexi_71,𝒜𝒹𝓇𝒾𝑒𝓁🎸,2026-05-27T15:22:47.895000+00:00,HUMAN
1494755946902065326,sirmoff12,Sirmoff12,2026-07-23T16:14:17.160000+00:00,HUMAN
718252963633561600,marcus4356623532,Marcus,2026-04-16T03:41:53.386000+00:00,HUMAN
652861242062405632,thefightfoxx,†𝐱𝐱0𝐅†,2026-05-31T11:13:59.529000+00:00,HUMAN
1142182524005654618,liamfox._18843,nano,2026-08-11T19:33:18.591000+00:00,HUMAN
1011285961101037688,nico267634,NICO,2026-07-26T23:30:29.363000+00:00,HUMAN
1489284964972495073,mr.divebomb,Mr.Divebomb,2026-07-28T01:46:35.977000+00:00,HUMAN
1169317759868485734,obiwan1kenobi,☦𝓢𝓹𝓪𝓬𝓮𝓶𝓪𝓷☦,2026-07-30T14:43:35.570000+00:00,HUMAN
889151757299617802,ambermussel5235,Oli,2026-04-28T19:40:12.584000+00:00,HUMAN
1397972357431431241,cybers2ndalt_72408,Øxıdė,2026-08-01T19:38:33.898000+00:00,HUMAN
994203752116531302,peanut_1203,peanut,2026-07-12T08:55:01.309000+00:00,HUMAN
1262138072074813535,yourlocalplanecrazylover,YourLocalPlaneCrazyLover,2026-07-20T10:30:51.995000+00:00,HUMAN
1345483948087709696,millymoo0272,Millymoo,2026-05-06T20:50:25.754000+00:00,HUMAN
1403716246725333024,seal_39648,Seal - Keyboard - Raindrop,2026-06-11T17:29:34.177000+00:00,HUMAN
1332116876930580521,doa0012_90445,Black,2026-03-14T12:06:47.169000+00:00,HUMAN
1195515728376369202,operator_retroz,retroz,2026-07-30T22:55:48.669000+00:00,HUMAN
1236793743865286769,diedreimonkey,Rick,2026-07-21T01:08:26.541000+00:00,HUMAN
985382848150257724,el_rudyy,null,2026-06-11T17:16:25.876000+00:00,HUMAN
1305984373346013286,runic742,runic,2026-08-08T23:02:03.313000+00:00,HUMAN
1082008211080622130,unc_status_is_coming,lieutenant abbunmortan,2026-05-30T20:33:24.629000+00:00,HUMAN
1058432420195614813,samuel591ok,𝔰𝔞𝔪𝔲𝔢𝔩,2026-04-19T15:04:39.247000+00:00,HUMAN
1129123435805675701,heythedogis83,Skittle,2026-04-06T04:46:42.589000+00:00,HUMAN
707074680800149554,natesmalls,NateSmalls,2026-08-11T19:36:42.768000+00:00,HUMAN
868959840024817664,poisonedblueberry,Speedblitz,2026-04-06T23:34:21.522000+00:00,HUMAN
966742178804146267,wakandaforever_7,NATASHA,2026-02-07T16:21:36.094000+00:00,HUMAN
1183399727987966093,bernardo0819_95527,Bernhard,2026-05-02T02:44:46.145000+00:00,HUMAN
1498080958598090967,digger02355,digger,2026-04-29T03:31:36.357000+00:00,HUMAN
1108503973360582706,i_like_toast_11,Toasty_Smores,2026-05-27T21:22:39.741000+00:00,HUMAN
1337811645287632956,bestbrotherj123312,utter,2026-03-06T17:56:19.141000+00:00,HUMAN
1149359831778590740,2jze,2jze,2026-08-04T11:25:51.615000+00:00,HUMAN
1341090487309828118,sehusfjjmub_79536,200IQ,2026-05-26T10:36:48.202000+00:00,HUMAN
774985192573370378,vandett1,Vandett1,2026-05-02T18:12:41.965000+00:00,HUMAN
1490508710018154527,vextrexyt,VexTrex,2026-04-06T03:28:07.943000+00:00,HUMAN
1323423116407472209,sheluvseva,ɪᴛꜱᴠɪʟᴇ,2026-07-21T09:42:19.423000+00:00,HUMAN
1462494516526321747,jupiter150610,The Evil Welshman,2026-07-15T16:26:53.260000+00:00,HUMAN
1192423495016128617,gaboseph,Gabbo,2026-04-05T13:09:57.832000+00:00,HUMAN
722986610060165130,god_rl,God_RL,2026-05-15T02:58:34.827000+00:00,HUMAN
897273988219297832,xixi6452,John steve,2026-07-04T18:43:09.553000+00:00,HUMAN
1288489413390893087,yecolmao,yeco,2026-03-24T12:28:56.382000+00:00,HUMAN
1338063867493879911,yungnative67,YungNative67,2026-06-25T23:11:32.625000+00:00,HUMAN
763376629991997482,no_n4mee,No Name,2026-03-24T11:54:51.128000+00:00,HUMAN
548742428962586635,lilmari4tfm,Mari79,2026-03-16T02:21:27.298000+00:00,HUMAN
909754935107809331,zinxz999,Jagannath,2026-07-04T22:00:18.136000+00:00,HUMAN
1216862978096234516,bravo1sgt.,Bravo1sgt,2026-06-03T20:14:27.592000+00:00,HUMAN
1343857628744253483,handsomeguy.com,Unknown,2026-02-27T05:31:47.209000+00:00,HUMAN
1419691719946928128,ilias06646,Ilias,2026-08-09T15:29:17.933000+00:00,HUMAN
936912971496558612,coreysmith2011,Actual11 (@CoreySmith2011),2026-02-02T18:14:47.659000+00:00,HUMAN
692660067237101598,crim02394,Lázε,2026-03-19T03:56:46.761000+00:00,HUMAN
993627976195379250,cunha00_,Cunh@,2026-06-03T18:44:05.320000+00:00,HUMAN
1453541384085831732,dudu_tuga11,Dudu_Tuga (GMT+0),2026-05-06T19:35:46.852000+00:00,HUMAN
1450737328313340018,gunshipmetal,Gunship,2026-04-28T23:09:22.685000+00:00,HUMAN
1265620862187470963,4c0p,colby,2026-04-24T14:34:03.183000+00:00,HUMAN
1322880085833023519,happyxkooket,happy,2026-05-18T00:27:12.008000+00:00,HUMAN
1310274252900929546,lolo876.45_52517,Felix I Nullsec,2026-06-26T13:50:24.882000+00:00,HUMAN
1272994936534601839,lueksy0,Lueksy,2026-07-26T15:43:58.976000+00:00,HUMAN
1495622029486063786,jayddddd_plays_55795,Jayddddd_plays,2026-05-02T02:46:56.365000+00:00,HUMAN
1434198022757290025,jimmy46373,Jim,2026-07-30T00:14:57.968000+00:00,HUMAN
1189718726342344736,nagus_nagusek,Alfred,2026-05-21T14:24:32.719000+00:00,HUMAN
1395816837345841162,mr_kommandant.,Mr_Kommandant,2026-03-02T05:09:03.484000+00:00,HUMAN
1017437041711128657,ninjabanana09,Ninjabanana,2026-03-21T23:14:08.636000+00:00,HUMAN
1371047921797038133,mromsz112_85905,MrImrex,2026-04-26T12:27:00.325000+00:00,HUMAN
1382960938831052860,evilxe1,Evilxe1,2026-04-16T23:11:44.498000+00:00,HUMAN
1018453038228324362,sweetzens,𝔰𝔢𝔟,2026-08-01T12:19:13.604000+00:00,HUMAN
1370998856396963951,tomboy38495,✞-𝕋𝕠𝕞-✞,2026-04-18T02:42:33.195000+00:00,HUMAN
1189194194988834939,akosnotmakos,Akosnotmakos,2026-02-13T09:52:54.465000+00:00,HUMAN
578954251796217856,tpl0,Tpl,2026-03-26T08:06:25.763000+00:00,HUMAN
641622361896124421,c0rruptxen01736,Dictator Mbappe,2026-07-13T14:48:00.198000+00:00,HUMAN
1337845529903632476,bigboris100,BigBoris,2026-02-07T16:29:07.103000+00:00,HUMAN
959244904750530600,ssolitary.,five,2026-03-28T13:37:19.813000+00:00,HUMAN
1202329992831172649,georgewrizzler,George,2026-02-13T09:52:45.014000+00:00,HUMAN
1417153317238476921,ggdin2,Dfig GGDIN2,2026-07-25T05:43:25.469000+00:00,HUMAN
1280456537189646358,limted.dev,d7om,2026-08-02T14:41:45.673000+00:00,HUMAN
1006661770074656858,valentine9301,SEVGILI,2026-02-26T13:59:14.820000+00:00,HUMAN
1528861946730909839,oracle05413,oracle,2026-07-20T20:39:05.538000+00:00,HUMAN
1256500172771299441,idioticmio_74035,PlasticFoods,2026-02-26T03:21:19.086000+00:00,HUMAN
1442281756467269765,yhthatstg,tg,2026-07-20T20:55:41.703000+00:00,HUMAN
1443988755496308820,julez0852,Jules123137,2026-03-29T13:52:13.673000+00:00,HUMAN
843243025442668583,paulvu1919,null,2026-07-02T23:52:33.476000+00:00,HUMAN
1404532552328413204,littletimmy0146,H.A.T.R.E.D,2026-03-29T05:30:19.425000+00:00,HUMAN
1315402977514750043,captain__yuki_49847,𝕮𝖔𝖈𝖆𝖎𝖓𝖊,2026-07-29T20:01:47.203000+00:00,HUMAN
630662834455314432,mrjay691,MrJaySno,2025-12-27T02:27:25.532000+00:00,HUMAN
1008509624091164692,badaboya,Loosebutthole2E,2026-03-16T02:14:03.320000+00:00,HUMAN
1117884330874781776,uakoriz,uakoriz,2026-03-01T11:01:53.766000+00:00,HUMAN
1207301582249791509,ilmihitam_87834,Ilmss,2026-07-03T02:23:41.488000+00:00,HUMAN
760579294366924880,negat1ve_03,-NeGaT1VE-,2026-02-27T01:48:47.806000+00:00,HUMAN
826157813621194802,beastnoro7077,Esimies,2026-03-08T21:54:50.434000+00:00,HUMAN
1396327567916662854,kiloactual0238_75503,Hughie uwu 67,2026-07-25T01:28:32.547000+00:00,HUMAN
1234029508462383126,essenceofgaming,null,2026-03-21T02:59:51.170000+00:00,HUMAN
1438524242772885505,sansoriii_42865,san,2026-03-07T10:38:43.543000+00:00,HUMAN
1180235259124658176,soldiershawn134,Shanueal,2026-03-20T19:25:37.822000+00:00,HUMAN
1312590698180120689,whale_shark1_98089,shark,2026-08-12T18:54:56.618000+00:00,HUMAN
1217154167932719194,callsign_titan,Tom,2026-06-08T17:47:01.012000+00:00,HUMAN
1406237027367915520,rattzp0ng,เหี้ยงูพิษ,2026-04-04T16:50:47.583000+00:00,HUMAN
1151300596415070310,p51mustang2,p51mustang,2026-08-12T23:20:38.942000+00:00,HUMAN
691562330978254938,kmt8,ven,2026-07-02T22:57:07.920000+00:00,HUMAN
1385421796093857976,ethyn_02304,VolcanicAmber7,2026-03-22T22:01:24.654000+00:00,HUMAN
917461705037062204,marco_carman28z,null,2026-08-02T00:02:50.920000+00:00,HUMAN
1285394444971020370,grayr131,grayr131,2026-07-19T00:05:05.582000+00:00,HUMAN
1309392473088458785,2manny0,Manny,2026-07-17T08:22:57.770000+00:00,HUMAN
1507612798736138280,iker2pro4u,5280xpro,2026-07-18T19:54:18.499000+00:00,HUMAN
1480315875113304117,ian.6678,Ian,2026-07-07T07:27:32.827000+00:00,HUMAN
1395417754819104860,itachi_sasuke742_17029,Itachi💉,2026-07-18T15:51:56.322000+00:00,HUMAN
754758451162251294,takezawaxy,Knight,2026-07-17T10:44:16.327000+00:00,HUMAN
1466393066544959601,dantheman087477,dantheman,2026-07-18T12:53:40.861000+00:00,HUMAN
680407961797263396,godschild2005,gods child,2026-07-18T13:41:35.325000+00:00,HUMAN
911627002879037441,pemlas_,Anthony=_=,2026-05-25T10:47:30.212000+00:00,HUMAN
825030831152168982,xxfreitas,𝕯 Freitas,2026-05-09T15:45:59.526000+00:00,HUMAN
1268190323444813890,_qaish,RabbidC,2026-07-22T10:32:34.173000+00:00,HUMAN
1305953988977627166,gioy2010_,gioy2010,2026-07-15T15:19:07.773000+00:00,HUMAN
1230994337442304031,martinhgvgv,Martin Bormann,2026-07-16T17:19:53.998000+00:00,HUMAN
1134646633234174092,satrouss,Sam,2026-03-19T22:46:42.397000+00:00,HUMAN
1371851241235284033,kamis_2137,max_verstappen_fan_#33,2026-07-30T13:55:48.774000+00:00,HUMAN
1492788373839151254,jza0710,JZA★,2026-04-12T10:24:14.426000+00:00,HUMAN
1081578150800134245,thefallenvoid,Arctical,2026-06-22T18:54:11.171000+00:00,HUMAN
910525270426026044,hanzohayabusa5th,Frost,2026-06-14T10:12:26.541000+00:00,HUMAN
800129792866385992,sloopers7,RoidsForFoids,2026-06-03T23:44:49.717000+00:00,HUMAN
1522311139051180094,russia3628,Russia,2026-07-20T02:27:32.200000+00:00,HUMAN
816685894798016573,rygocubs,rygocubs,2026-08-10T05:40:14.378000+00:00,HUMAN
1108931818343895090,combine056317,ryoshkers,2026-08-10T01:37:11.603000+00:00,HUMAN
1324265073895673866,circle02757,S1N3V4,2026-08-03T05:39:02.976000+00:00,HUMAN
1434736029167915060,makerring321_14480,Makerring321,2026-08-08T06:48:50.555000+00:00,HUMAN
1487556038550093935,cristi_holbea_05435,Scp containment fan,2026-08-11T21:52:31.024000+00:00,HUMAN
825946086685278228,dudezsg,Dudez,2026-03-25T12:41:03.117000+00:00,HUMAN
1146148202261786734,iss101,Iss101,2026-06-30T19:56:46.794000+00:00,HUMAN
691466000906059826,nathaniel_b,Eula,2026-01-18T14:47:18.185000+00:00,HUMAN
1344870193783902278,joseph099398,Joseph,2026-04-06T00:00:45.753000+00:00,HUMAN
903403828517429259,acmes15,acmes15,2026-06-19T00:02:17.410000+00:00,HUMAN
1326175148289822803,mouslyt,👑𝓶ü𝓼𝓵𝓲𝓰𝓫𝓪𝓻👑,2026-07-06T15:11:53.148000+00:00,HUMAN
1301192380049002559,seb094460,Seb,2026-07-11T18:54:13.970000+00:00,HUMAN
1502916285577691237,seb199192,Seb199192,2026-07-20T04:08:56.542000+00:00,HUMAN
1486392735400198194,seb_130069,Seb_13,2026-06-12T16:59:20.087000+00:00,HUMAN
1456339371765661861,seek_27972,Seek,2026-08-01T21:27:53.794000+00:00,HUMAN
1009493479870693506,hjaltetroy3190,diddler,2026-08-07T03:08:39.559000+00:00,HUMAN
1448329974732820582,1kryshkovets1,Shiori,2026-08-07T04:38:24.460000+00:00,HUMAN
983370088478564352,silentd44n,SilentD44n,2026-07-03T17:53:06.246000+00:00,HUMAN
1314511276205932567,simon9378_83783,S!MoNpapa,2026-08-09T21:19:56.561000+00:00,HUMAN
768694857240674325,solarspectre99,Solar,2026-08-05T23:21:38.446000+00:00,HUMAN
441352730519535616,dan2413.,Dan𒉭,2026-05-09T15:44:42.231000+00:00,HUMAN
1421595583310856233,higinegorilla133,Karlito bandito,2026-07-26T13:49:41.595000+00:00,HUMAN
1342786544431534130,rocketstar89._01145,RocketStar89,2026-03-15T07:21:42.219000+00:00,HUMAN
1241939315542458408,1.v21,Kiki,2026-07-30T02:38:10.049000+00:00,HUMAN
812673453206536212,lemonscentedsoap,soap,2026-06-26T19:20:22.364000+00:00,HUMAN
742514564440260708,almudafa,mody,2026-03-19T17:08:01.908000+00:00,HUMAN
707625739129716838,alevizi,Alevizi,2026-05-17T22:54:23.336000+00:00,HUMAN
1248080378145542164,stizzywiddy,LuD,2026-03-15T15:05:10.524000+00:00,HUMAN
1464245657622675466,cdfghdrffrt.,andew5202,2026-05-23T13:08:01.595000+00:00,HUMAN
471657357798277150,dbjio,null,2026-02-28T10:10:46.983000+00:00,HUMAN
1382015485926965389,gunmasterace,Gunmaster ace,2026-03-28T15:34:47.867000+00:00,HUMAN
1277616959936139275,anony60111,Tohiro.,2026-02-25T14:37:12.626000+00:00,HUMAN
1323262416607383600,toxicsalami0534,ToxicSalami,2026-08-02T18:59:46.717000+00:00,HUMAN
932837276084477953,c._db27,rnc,2026-07-16T10:58:18.615000+00:00,HUMAN
1243657666660798466,james_gamer69,Jamesgamer9592,2026-03-23T05:14:23.831000+00:00,HUMAN
1315359494124867605,hamstergamer4231_92482,Mr. Hamster,2026-06-11T15:35:59.113000+00:00,HUMAN
1337245901785399394,javier038846,Havier,2026-06-30T12:50:29.833000+00:00,HUMAN
603119063635329034,hype_occult,Hype,2026-05-13T21:18:22.193000+00:00,HUMAN
977288638427693086,papak00712,papak007,2026-06-17T11:42:37.893000+00:00,HUMAN
1034801133140586578,ghostman_21,Silver chariot,2026-04-02T02:45:30.603000+00:00,HUMAN
1101777342034087936,ludde6947,Ludde(BOBY),2026-04-25T15:28:41.859000+00:00,HUMAN
1450870863896510479,artamiusli57,Vazerr,2026-03-16T16:02:13.456000+00:00,HUMAN
1273213795694809110,sxnaor,null,2026-05-21T15:48:37.371000+00:00,HUMAN
1284279324983431334,trevor_the_tyrant,honeypot apiculteur,2026-02-06T23:47:50.523000+00:00,HUMAN
1043246172267085824,suzune_sohkino,null,2025-12-22T20:58:00.728000+00:00,HUMAN
1188830345739640912,eljota0387,[ • JᴏᴛA • ],2026-03-30T20:13:22.061000+00:00,HUMAN
827818022500696065,jusray64,null,2025-12-10T11:16:28.904000+00:00,HUMAN
917081294339457154,kkang26,Kkang,2026-02-25T00:23:01.214000+00:00,HUMAN
1428908619008835805,lkb_0t,𝐋𝐊𝐁,2026-03-24T01:43:58.994000+00:00,HUMAN
1221653199845462087,cptpyro07,PYRO,2026-02-23T21:49:45.858000+00:00,HUMAN
1171808674168176722,kjjuly,kj,2026-06-22T06:48:41.227000+00:00,HUMAN
1439690380865044723,ricoambored,Rico,2026-03-14T19:59:00.885000+00:00,HUMAN
831376520483176469,aziki_2,Z,2026-01-07T22:38:26.458000+00:00,HUMAN
1124051373072318487,domitiger2307,Domi,2026-02-15T17:39:06.732000+00:00,HUMAN
1014790057070166096,misiky_2,smilkanita:),2026-02-27T05:56:36.411000+00:00,HUMAN
926604412397424660,shadowgamer32,Stra_32,2026-08-01T20:50:14.929000+00:00,HUMAN
1234496826049302620,superknight3131,null,2026-06-17T20:20:50.799000+00:00,HUMAN
1210372202566787082,workatfarm,Brxn,2026-06-17T19:08:25.189000+00:00,HUMAN
1355628931473997955,tamme0972_45817,Tamme,2026-07-26T23:36:41.122000+00:00,HUMAN
839993394200576020,maybe.tek,𝓣𝓮𝓴!,2026-08-11T16:41:44.987000+00:00,HUMAN
1259208976525033474,that_onlybob,That_onlybob,2026-05-30T22:58:17.636000+00:00,HUMAN
1378179815445893270,thmaster0521,Thmaster,2026-08-08T17:05:40.250000+00:00,HUMAN
1502652090110185492,tisigoodboy2_20749,Ti si good boy 2,2026-05-29T23:46:42.086000+00:00,HUMAN
776297636360749067,msk1657,TigerX920 REC,2026-08-02T16:49:25.731000+00:00,HUMAN
1297615554139652147,officialturretcreator,"Turret Creator ""Judgement""",2026-06-07T09:47:27.130000+00:00,HUMAN
1466729327470317671,tuxcifyd.,TuxcifyD,2026-07-28T22:51:07.869000+00:00,HUMAN
1400778536515797043,unpersock_48702,Unpersock,2026-08-04T20:34:01.382000+00:00,HUMAN
1059393262965751920,fredislav,Fredislav,2026-06-06T07:51:17.386000+00:00,HUMAN
1269985572185968741,gs29_vali,NITNELAV,2026-07-25T07:28:46.800000+00:00,HUMAN
1015956446782955581,vincent103278,Vini,2026-08-08T09:57:50.047000+00:00,HUMAN
1135428987938680992,vjohnson24_65572,Vjohnson24,2026-06-22T06:32:57.453000+00:00,HUMAN
1005375928345579553,sk7_ivan,VortexFn★.,2026-07-14T08:12:44.402000+00:00,HUMAN
1235515514248495115,w19yde,w19yde,2026-07-05T06:01:28.585000+00:00,HUMAN
1287183567532593255,water_melon_77,Watermelon_,2026-06-24T22:10:31.325000+00:00,HUMAN
1496325794912276673,willjet_723_10796,willjet_723,2026-07-22T10:17:03.080000+00:00,HUMAN
1222583908923609100,nothsspcial,JustATypical,2026-06-29T17:43:39.697000+00:00,HUMAN
1429872639606001776,flaminho1000,🗡️Zeke🛡️,2026-03-09T13:47:20.470000+00:00,HUMAN
1384603313789603903,01.spirit,SPIRIT,2026-06-17T12:12:22.821000+00:00,HUMAN
688127451213070502,trulywuppo,Wuppo,2026-06-09T02:24:04.040000+00:00,HUMAN
1433528417415991328,vas02991,Xiquzz,2026-05-21T20:14:14.488000+00:00,HUMAN
999943542220795924,yadhisac,YADHISAC,2026-06-24T06:20:09.809000+00:00,HUMAN
993073220850819124,jacobgay67,null,2026-07-16T17:44:27.890000+00:00,HUMAN
1492613286305468528,yu_345681,YU_35 (THE OTHER GOT HACKED),2026-06-02T10:17:04.639000+00:00,HUMAN
1018525472180670505,floppa121960,KotełPL13,2026-07-20T06:05:11.369000+00:00,HUMAN
864349221963300916,angrysloth23,Zane,2026-08-03T03:52:21.141000+00:00,HUMAN
1332738905224511510,roblox_fisch,Zay the great,2026-07-17T12:05:21.133000+00:00,HUMAN
1078459771700662353,poppinkirkocets,PoppinKirkocets,2026-07-30T23:35:07.203000+00:00,HUMAN
1412177297460695110,reezyrush,Zk_neverhaveIever,2026-07-24T16:28:12.250000+00:00,HUMAN
1416341682407997623,pumsi09,Pumsi09,2026-02-24T17:46:51.153000+00:00,HUMAN
1523039532751261801,accended.to.the.heavens,𝐑𝐞𝐪𝐮𝐢𝐞𝐦-𝟏,2026-08-10T05:41:03.500000+00:00,HUMAN
781676905408626698,boybilal,𝓑𝓸𝔂𝓑𝓲𝓵𝓪𝓵,2026-06-10T07:15:20.272000+00:00,HUMAN